<metadata xml:lang="en"><Esri><CreaDate>20171214</CreaDate><CreaTime>10484900</CreaTime><ArcGISFormat>1.0</ArcGISFormat><SyncOnce>FALSE</SyncOnce><DataProperties><itemProps><itemName Sync="TRUE">LSIB_Simplify</itemName><imsContentType Sync="TRUE">002</imsContentType><itemLocation><linkage Sync="TRUE">file://\\KYLEPC\C$\Users\kylea\Documents\GIS Projects\GEOG575\d3-lab\zambia-malnutrition-d3\data\LSIB_Simplify.shp</linkage><protocol Sync="TRUE">Local Area Network</protocol></itemLocation><itemSize Sync="TRUE">0.000</itemSize><nativeExtBox><westBL Sync="TRUE">-180.000000</westBL><eastBL Sync="TRUE">180.000000</eastBL><southBL Sync="TRUE">-90.000000</southBL><northBL Sync="TRUE">83.633392</northBL><exTypeCode Sync="TRUE">1</exTypeCode></nativeExtBox></itemProps><coordRef><type Sync="TRUE">Geographic</type><geogcsn Sync="TRUE">GCS_WGS_1984</geogcsn><csUnits Sync="TRUE">Angular Unit: Degree (0.017453)</csUnits><peXml Sync="TRUE">&lt;GeographicCoordinateSystem xsi:type='typens:GeographicCoordinateSystem' xmlns:xsi='http://www.w3.org/2001/XMLSchema-instance' xmlns:xs='http://www.w3.org/2001/XMLSchema' xmlns:typens='http://www.esri.com/schemas/ArcGIS/2.9.0'&gt;&lt;WKT&gt;GEOGCS[&amp;quot;GCS_WGS_1984&amp;quot;,DATUM[&amp;quot;D_WGS_1984&amp;quot;,SPHEROID[&amp;quot;WGS_1984&amp;quot;,6378137.0,298.257223563]],PRIMEM[&amp;quot;Greenwich&amp;quot;,0.0],UNIT[&amp;quot;Degree&amp;quot;,0.0174532925199433],AUTHORITY[&amp;quot;EPSG&amp;quot;,4326]]&lt;/WKT&gt;&lt;XOrigin&gt;-400&lt;/XOrigin&gt;&lt;YOrigin&gt;-400&lt;/YOrigin&gt;&lt;XYScale&gt;11258999068426.238&lt;/XYScale&gt;&lt;ZOrigin&gt;-100000&lt;/ZOrigin&gt;&lt;ZScale&gt;10000&lt;/ZScale&gt;&lt;MOrigin&gt;-100000&lt;/MOrigin&gt;&lt;MScale&gt;10000&lt;/MScale&gt;&lt;XYTolerance&gt;8.983152841195215e-09&lt;/XYTolerance&gt;&lt;ZTolerance&gt;0.001&lt;/ZTolerance&gt;&lt;MTolerance&gt;0.001&lt;/MTolerance&gt;&lt;HighPrecision&gt;true&lt;/HighPrecision&gt;&lt;LeftLongitude&gt;-180&lt;/LeftLongitude&gt;&lt;WKID&gt;4326&lt;/WKID&gt;&lt;LatestWKID&gt;4326&lt;/LatestWKID&gt;&lt;/GeographicCoordinateSystem&gt;</peXml></coordRef><lineage><Process ToolSource="c:\program files (x86)\arcgis\desktop10.5\ArcToolbox\Toolboxes\Data Management Tools.tbx\CopyFeatures" Date="20170927" Time="084250" Name="" export="">CopyFeatures E:\Other\Workspace\Current_State_Data.gdb\new_global_admin0_Dave_Corrections E:\Other\Workspace\Current_State_Data.gdb\Linthicum_Conflation_Sep26\new_global_admin0_Dave_Corrections_1 # 0 0 0</Process><Process ToolSource="c:\program files (x86)\arcgis\desktop10.5\ArcToolbox\Toolboxes\Data Management Tools.tbx\Merge" Date="20170928" Time="150917" Name="" export="">Merge new_global_admin0_Dave_Corrections_1;Islands_Merged E:\Other\Workspace\Current_State_Data.gdb\Dave_Linthicum_data_Sep26_Conflated\Islands_and_Countries_Merged "OBJECTID_1 "OBJECTID_1" true true false 4 Long 0 0 ,First,#,new_global_admin0_Dave_Corrections_1,OBJECTID_1,-1,-1;OBJECTID_2 "OBJECTID_2" true true false 4 Long 0 0 ,First,#,new_global_admin0_Dave_Corrections_1,OBJECTID_2,-1,-1;OBJECTID "OBJECTID" true true false 4 Long 0 0 ,First,#,new_global_admin0_Dave_Corrections_1,OBJECTID,-1,-1;COUNTRY_NA "COUNTRY_NA" true true false 254 Text 0 0 ,First,#,new_global_admin0_Dave_Corrections_1,COUNTRY_NA,-1,-1,Islands_Merged,COUNTRY_NA,-1,-1;Shape_Leng "Shape_Leng" true true false 8 Double 0 0 ,First,#,new_global_admin0_Dave_Corrections_1,Shape_Leng,-1,-1;Shape_Le_1 "Shape_Le_1" true true false 8 Double 0 0 ,First,#,new_global_admin0_Dave_Corrections_1,Shape_Le_1,-1,-1;Shape_Le_2 "Shape_Le_2" true true false 8 Double 0 0 ,First,#,new_global_admin0_Dave_Corrections_1,Shape_Le_2,-1,-1;Shape_Length "Shape_Length" false true true 8 Double 0 0 ,First,#,new_global_admin0_Dave_Corrections_1,Shape_Length,-1,-1,Islands_Merged,Shape_Length,-1,-1;Shape_Area "Shape_Area" false true true 8 Double 0 0 ,First,#,new_global_admin0_Dave_Corrections_1,Shape_Area,-1,-1,Islands_Merged,Shape_Area,-1,-1"</Process><Process ToolSource="c:\program files (x86)\arcgis\desktop10.5\ArcToolbox\Toolboxes\Data Management Tools.tbx\Dissolve" Date="20170928" Time="151156" Name="" export="">Dissolve Islands_and_Countries_Merged E:\Other\Workspace\Current_State_Data.gdb\Dave_Linthicum_data_Sep26_Conflated\DOS_Adm0_28Sep2017 COUNTRY_NA # MULTI_PART DISSOLVE_LINES</Process><Process ToolSource="c:\program files (x86)\arcgis\desktop10.5\ArcToolbox\Toolboxes\Data Management Tools.tbx\Merge" Date="20171017" Time="111123" Name="" export="">Merge 'DOS_Adm0 selection';Yemen_DOS_Admin0_Sep26Update E:\Other\Workspace\Archived\State\Current_State_Data.gdb\DOS_Adm0_AfterYemenOct16 "COUNTRY_NA "COUNTRY_NA" true true false 254 Text 0 0 ,First,#,DOS_Adm0 selection,COUNTRY_NA,-1,-1,Yemen_DOS_Admin0_Sep26Update,COUNTRY_NA,-1,-1;Shape_Length "Shape_Length" false true true 8 Double 0 0 ,First,#,DOS_Adm0 selection,Shape_Length,-1,-1,Yemen_DOS_Admin0_Sep26Update,Shape_Length,-1,-1;Shape_Area "Shape_Area" false true true 8 Double 0 0 ,First,#,DOS_Adm0 selection,Shape_Area,-1,-1,Yemen_DOS_Admin0_Sep26Update,Shape_Area,-1,-1"</Process><Process ToolSource="c:\program files (x86)\arcgis\desktop10.5\ArcToolbox\Toolboxes\Data Management Tools.tbx\Merge" Date="20171017" Time="115357" Name="" export="">Merge 'DOS_Adm0_AfterOct162017_Update selection';Ukraine_DOS_Admin0_Sep26Update E:\Other\Workspace\Archived\State\Current_State_Data.gdb\DOS_Adm0_AfterOct162017_Update2 "COUNTRY_NA "COUNTRY_NA" true true false 254 Text 0 0 ,First,#,DOS_Adm0_AfterOct162017_Update selection,COUNTRY_NA,-1,-1,Ukraine_DOS_Admin0_Sep26Update,COUNTRY_NA,-1,-1;Shape_Length "Shape_Length" false true true 8 Double 0 0 ,First,#,DOS_Adm0_AfterOct162017_Update selection,Shape_Length,-1,-1,Ukraine_DOS_Admin0_Sep26Update,Shape_Length,-1,-1;Shape_Area "Shape_Area" false true true 8 Double 0 0 ,First,#,DOS_Adm0_AfterOct162017_Update selection,Shape_Area,-1,-1,Ukraine_DOS_Admin0_Sep26Update,Shape_Area,-1,-1"</Process><Process ToolSource="c:\program files (x86)\arcgis\desktop10.5\ArcToolbox\Toolboxes\Data Management Tools.tbx\Merge" Date="20171020" Time="154548" Name="" export="">Merge 'DOS_Adm0 selection';Bahrain_DOS_Admin0_Sep26Update E:\Other\Workspace\Foundational_Workshop.gdb\DOS_Adm0Merge "COUNTRY_NA "COUNTRY_NA" true true false 254 Text 0 0 ,First,#,DOS_Adm0 selection,COUNTRY_NA,-1,-1,Bahrain_DOS_Admin0_Sep26Update,COUNTRY_NA,-1,-1;Shape_Length "Shape_Length" false true true 8 Double 0 0 ,First,#,DOS_Adm0 selection,Shape_Length,-1,-1,Bahrain_DOS_Admin0_Sep26Update,Shape_Length,-1,-1;Shape_Area "Shape_Area" false true true 8 Double 0 0 ,First,#,DOS_Adm0 selection,Shape_Area,-1,-1,Bahrain_DOS_Admin0_Sep26Update,Shape_Area,-1,-1"</Process><Process ToolSource="c:\program files (x86)\arcgis\desktop10.5\ArcToolbox\Toolboxes\Data Management Tools.tbx\Merge" Date="20171020" Time="161358" Name="" export="">Merge 'DOS_Adm0 selection';Kuwait_DOS_Admin0_Sep26Update E:\Other\Workspace\Foundational_Workshop.gdb\DOS_Adm02 "COUNTRY_NA "COUNTRY_NA" true true false 254 Text 0 0 ,First,#,DOS_Adm0 selection,COUNTRY_NA,-1,-1,Kuwait_DOS_Admin0_Sep26Update,COUNTRY_NA,-1,-1;Shape_Length "Shape_Length" false true true 8 Double 0 0 ,First,#,DOS_Adm0 selection,Shape_Length,-1,-1,Kuwait_DOS_Admin0_Sep26Update,Shape_Length,-1,-1;Shape_Area "Shape_Area" false true true 8 Double 0 0 ,First,#,DOS_Adm0 selection,Shape_Area,-1,-1,Kuwait_DOS_Admin0_Sep26Update,Shape_Area,-1,-1"</Process><Process ToolSource="c:\program files (x86)\arcgis\desktop10.5\ArcToolbox\Toolboxes\Data Management Tools.tbx\Merge" Date="20171025" Time="112416" Name="" export="">Merge 'DOS_Adm0 selection';Qatar_DOS_Admin0_Sep26Update E:\Other\Workspace\Foundational_Workshop.gdb\DOS_Adm0_Merge "COUNTRY_NA "COUNTRY_NA" true true false 254 Text 0 0 ,First,#,DOS_Adm0 selection,COUNTRY_NA,-1,-1,Qatar_DOS_Admin0_Sep26Update,COUNTRY_NA,-1,-1;Shape_Length "Shape_Length" false true true 8 Double 0 0 ,First,#,DOS_Adm0 selection,Shape_Length,-1,-1,Qatar_DOS_Admin0_Sep26Update,Shape_Length,-1,-1;Shape_Area "Shape_Area" false true true 8 Double 0 0 ,First,#,DOS_Adm0 selection,Shape_Area,-1,-1,Qatar_DOS_Admin0_Sep26Update,Shape_Area,-1,-1"</Process><Process ToolSource="c:\program files (x86)\arcgis\desktop10.5\ArcToolbox\Toolboxes\Data Management Tools.tbx\Merge" Date="20171027" Time="154625" Name="" export="">Merge 'DOS_Adm0_Merge selection';UAE_DOS_Admin0_Sep26Update E:\Other\Workspace\Foundational_Workshop.gdb\DOS_Adm0_Merge2 "COUNTRY_NA "COUNTRY_NA" true true false 254 Text 0 0 ,First,#,DOS_Adm0_Merge selection,COUNTRY_NA,-1,-1,UAE_DOS_Admin0_Sep26Update,COUNTRY_NA,-1,-1;Shape_Length "Shape_Length" false true true 8 Double 0 0 ,First,#,DOS_Adm0_Merge selection,Shape_Length,-1,-1,UAE_DOS_Admin0_Sep26Update,Shape_Length,-1,-1;Shape_Area "Shape_Area" false true true 8 Double 0 0 ,First,#,DOS_Adm0_Merge selection,Shape_Area,-1,-1,UAE_DOS_Admin0_Sep26Update,Shape_Area,-1,-1"</Process><Process ToolSource="c:\program files (x86)\arcgis\desktop10.5\ArcToolbox\Toolboxes\Data Management Tools.tbx\Merge" Date="20171108" Time="113136" Name="" export="">Merge 'DOS_Adm0 selection';Turkey_DOS_Admin0_Sep26Update E:\Other\Workspace\Foundational_Workshop.gdb\DOS_Adm02 "COUNTRY_NA "COUNTRY_NA" true true false 254 Text 0 0 ,First,#,DOS_Adm0 selection,COUNTRY_NA,-1,-1,Turkey_DOS_Admin0_Sep26Update,COUNTRY_NA,-1,-1;Shape_Length "Shape_Length" false true true 8 Double 0 0 ,First,#,DOS_Adm0 selection,Shape_Length,-1,-1,Turkey_DOS_Admin0_Sep26Update,Shape_Length,-1,-1;Shape_Area "Shape_Area" false true true 8 Double 0 0 ,First,#,DOS_Adm0 selection,Shape_Area,-1,-1,Turkey_DOS_Admin0_Sep26Update,Shape_Area,-1,-1"</Process><Process ToolSource="c:\program files (x86)\arcgis\desktop10.5\ArcToolbox\Toolboxes\Data Management Tools.tbx\Merge" Date="20171108" Time="122331" Name="" export="">Merge 'DOS_Adm0 selection';Israel_DOS_Admin0_Sep26Update E:\Other\Workspace\Foundational_Workshop.gdb\DOS_Adm02 "COUNTRY_NA "COUNTRY_NA" true true false 254 Text 0 0 ,First,#,DOS_Adm0 selection,COUNTRY_NA,-1,-1,Israel_DOS_Admin0_Sep26Update,COUNTRY_NA,-1,-1;Shape_Length "Shape_Length" false true true 8 Double 0 0 ,First,#,DOS_Adm0 selection,Shape_Length,-1,-1,Israel_DOS_Admin0_Sep26Update,Shape_Length,-1,-1;Shape_Area "Shape_Area" false true true 8 Double 0 0 ,First,#,DOS_Adm0 selection,Shape_Area,-1,-1,Israel_DOS_Admin0_Sep26Update,Shape_Area,-1,-1"</Process><Process ToolSource="c:\program files (x86)\arcgis\desktop10.5\ArcToolbox\Toolboxes\Data Management Tools.tbx\Merge" Date="20171121" Time="105409" Name="" export="">Merge DOS_Adm0_v5;DOS_Adm0_V3 E:\Other\Workspace\DOS_Adm0_v6_Merge.shp "COUNTRY_NA "COUNTRY_NA" true true false 254 Text 0 0 ,First,#,DOS_Adm0_v5,COUNTRY_NA,-1,-1,DOS_Adm0_V3,COUNTRY_NA,-1,-1;Shape_Leng "Shape_Leng" false true true 8 Double 0 0 ,First,#,DOS_Adm0_v5,Shape_Length,-1,-1,DOS_Adm0_V3,Shape_Length,-1,-1;Shape_Area "Shape_Area" false true true 8 Double 0 0 ,First,#,DOS_Adm0_v5,Shape_Area,-1,-1,DOS_Adm0_V3,Shape_Area,-1,-1"</Process><Process ToolSource="c:\program files (x86)\arcgis\desktop10.5\ArcToolbox\Toolboxes\Conversion Tools.tbx\FeatureClassToFeatureClass" Date="20171121" Time="105527" Name="" export="">FeatureClassToFeatureClass DOS_Adm0_v6_Merge E:\Other\Workspace\Foundational_Workshop.gdb DOS_Adm0 # "COUNTRY_NA "COUNTRY_NA" true true false 254 Text 0 0 ,First,#,DOS_Adm0_v6_Merge,COUNTRY_NA,-1,-1;Shape_Leng "Shape_Leng" true true false 19 Double 0 0 ,First,#,DOS_Adm0_v6_Merge,Shape_Leng,-1,-1;Shape_Area "Shape_Area" true true false 19 Double 0 0 ,First,#,DOS_Adm0_v6_Merge,Shape_Area,-1,-1" #</Process><Process ToolSource="c:\program files (x86)\arcgis\desktop10.5\ArcToolbox\Toolboxes\Data Management Tools.tbx\Merge" Date="20171121" Time="142048" Name="" export="">Merge 'DOS_Adm0 selection';DOS_Adm0_2 E:\Other\Workspace\Archived\State\LSIB_Polygon_Versions.gdb\Global_LSIB_Polygons_Detailed_2017Nov21_v2 "COUNTRY_NA "COUNTRY_NA" true true false 254 Text 0 0 ,First,#,DOS_Adm0 selection,COUNTRY_NA,-1,-1,DOS_Adm0_2,COUNTRY_NA,-1,-1;Shape_Leng "Shape_Leng" true true false 8 Double 0 0 ,First,#,DOS_Adm0 selection,Shape_Leng,-1,-1,DOS_Adm0_2,Shape_Leng,-1,-1;Shape_Length "Shape_Length" false true true 8 Double 0 0 ,First,#,DOS_Adm0 selection,Shape_Length,-1,-1,DOS_Adm0_2,Shape_Length,-1,-1;Shape_Area "Shape_Area" false true true 8 Double 0 0 ,First,#,DOS_Adm0 selection,Shape_Area,-1,-1,DOS_Adm0_2,Shape_Area,-1,-1"</Process><Process ToolSource="c:\program files (x86)\arcgis\desktop10.5\ArcToolbox\Toolboxes\Conversion Tools.tbx\FeatureClassToFeatureClass" Date="20171121" Time="145604" Name="" export="">FeatureClassToFeatureClass Global_LSIB_Polygons_Detailed_2017Nov21_v2 E:\Other\Workspace\Foundational_Workshop.gdb DOS_Adm0 # "COUNTRY_NA "COUNTRY_NA" true true false 254 Text 0 0 ,First,#,Global_LSIB_Polygons_Detailed_2017Nov21_v2,COUNTRY_NA,-1,-1;Shape_Leng "Shape_Leng" true true false 8 Double 0 0 ,First,#,Global_LSIB_Polygons_Detailed_2017Nov21_v2,Shape_Leng,-1,-1;Shape_Length "Shape_Length" false true true 8 Double 0 0 ,First,#,Global_LSIB_Polygons_Detailed_2017Nov21_v2,Shape_Length,-1,-1;Shape_Area "Shape_Area" false true true 8 Double 0 0 ,First,#,Global_LSIB_Polygons_Detailed_2017Nov21_v2,Shape_Area,-1,-1" #</Process><Process ToolSource="c:\program files (x86)\arcgis\desktop10.5\ArcToolbox\Toolboxes\Conversion Tools.tbx\FeatureClassToFeatureClass" Date="20171212" Time="103943" Name="" export="">FeatureClassToFeatureClass E:\Other\Workspace\Foundational_Workshop.gdb\DOS_Adm0 E:\Other\Workspace\Foundational_Workshop.gdb\DOS_Updates DOS # "COUNTRY_NA "COUNTRY_NA" true true false 254 Text 0 0 ,First,#,E:\Other\Workspace\Foundational_Workshop.gdb\DOS_Adm0,COUNTRY_NA,-1,-1;Shape_Leng "Shape_Leng" true true false 8 Double 0 0 ,First,#,E:\Other\Workspace\Foundational_Workshop.gdb\DOS_Adm0,Shape_Leng,-1,-1;Shape_Length "Shape_Length" false true true 8 Double 0 0 ,First,#,E:\Other\Workspace\Foundational_Workshop.gdb\DOS_Adm0,Shape_Length,-1,-1;Shape_Area "Shape_Area" false true true 8 Double 0 0 ,First,#,E:\Other\Workspace\Foundational_Workshop.gdb\DOS_Adm0,Shape_Area,-1,-1" #</Process><Process ToolSource="c:\program files (x86)\arcgis\desktop10.5\ArcToolbox\Toolboxes\Conversion Tools.tbx\FeatureClassToFeatureClass" Date="20171213" Time="100111" Name="" export="">FeatureClassToFeatureClass DOS E:\Other\Workspace\Archived\State\LSIB_Polygon_Versions.gdb Global_LSIB_Polygons_Detailed_2017Dec13 # "COUNTRY_NA "COUNTRY_NA" true true false 254 Text 0 0 ,First,#,DOS,COUNTRY_NA,-1,-1;Shape_Leng "Shape_Leng" true true false 8 Double 0 0 ,First,#,DOS,Shape_Leng,-1,-1;Shape_Length "Shape_Length" false true true 8 Double 0 0 ,First,#,DOS,Shape_Length,-1,-1;Shape_Area "Shape_Area" false true true 8 Double 0 0 ,First,#,DOS,Shape_Area,-1,-1" #</Process><Process ToolSource="c:\program files (x86)\arcgis\desktop10.5\ArcToolbox\Toolboxes\Conversion Tools.tbx\FeatureClassToFeatureClass" Date="20171213" Time="100802" Name="" export="">FeatureClassToFeatureClass E:\Other\Workspace\Archived\State\LSIB_Polygon_Versions.gdb\Global_LSIB_Polygons_Detailed_2017Dec13 E:\Other\Workspace\Foundational_Workshop.gdb DOS_Adm0 # "COUNTRY_NA "COUNTRY_NA" true true false 254 Text 0 0 ,First,#,E:\Other\Workspace\Archived\State\LSIB_Polygon_Versions.gdb\Global_LSIB_Polygons_Detailed_2017Dec13,COUNTRY_NA,-1,-1;Shape_Leng "Shape_Leng" true true false 8 Double 0 0 ,First,#,E:\Other\Workspace\Archived\State\LSIB_Polygon_Versions.gdb\Global_LSIB_Polygons_Detailed_2017Dec13,Shape_Leng,-1,-1;Shape_Length "Shape_Length" false true true 8 Double 0 0 ,First,#,E:\Other\Workspace\Archived\State\LSIB_Polygon_Versions.gdb\Global_LSIB_Polygons_Detailed_2017Dec13,Shape_Length,-1,-1;Shape_Area "Shape_Area" false true true 8 Double 0 0 ,First,#,E:\Other\Workspace\Archived\State\LSIB_Polygon_Versions.gdb\Global_LSIB_Polygons_Detailed_2017Dec13,Shape_Area,-1,-1" #</Process><Process ToolSource="c:\program files\arcgis\pro\Resources\ArcToolbox\toolboxes\Data Management Tools.tbx\JoinField" Date="20220518" Time="090345">JoinField Global_LSIB_Polygons_Detailed COUNTRY_NA LSIB_Lookup COUNTRY_NA ISO3;ISO_3_Sovreignty</Process><Process ToolSource="c:\program files\arcgis\pro\Resources\ArcToolbox\toolboxes\Cartography Tools.tbx\SimplifyPolygon" Date="20221112" Time="182700">SimplifyPolygon Global_LSIB_Polygons_Detailed "C:\Users\kylea\Documents\GIS Projects\GEOG575\d3-lab-arc\Default.gdb\LSIB_Simplify" "Retain critical points (Douglas-Peucker)" "0.01 DecimalDegrees" "0 Unknown" RESOLVE_ERRORS KEEP_COLLAPSED_POINTS #</Process><Process ToolSource="c:\program files\arcgis\pro\Resources\ArcToolbox\toolboxes\Conversion Tools.tbx\FeatureClassToFeatureClass" Date="20221112" Time="182720">FeatureClassToFeatureClass LSIB_Simplify "C:\Users\kylea\Documents\GIS Projects\GEOG575\d3-lab\zambia-malnutrition-d3\data" LSIB_Simplify.shp # "OBJECTID "OBJECTID" true true false 4 Long 0 0,First,#,LSIB_Simplify,OBJECTID,-1,-1;COUNTRY_NA "COUNTRY_NA" true true false 254 Text 0 0,First,#,LSIB_Simplify,COUNTRY_NA,0,254;Shape_Leng "Shape_Leng" true true false 8 Double 0 0,First,#,LSIB_Simplify,Shape_Leng,-1,-1;Shape_Le_1 "Shape_Le_1" true true false 8 Double 0 0,First,#,LSIB_Simplify,Shape_Le_1,-1,-1;ISO3 "ISO3" true true false 254 Text 0 0,First,#,LSIB_Simplify,ISO3,0,254;ISO_3_Sovr "ISO_3_Sovr" true true false 254 Text 0 0,First,#,LSIB_Simplify,ISO_3_Sovr,0,254;Shape_Length "Shape_Length" false true true 8 Double 0 0,First,#,LSIB_Simplify,Shape_Length,-1,-1;Shape_Area "Shape_Area" false true true 8 Double 0 0,First,#,LSIB_Simplify,Shape_Area,-1,-1;InPoly_FID "InPoly_FID" true true false 4 Long 0 0,First,#,LSIB_Simplify,InPoly_FID,-1,-1;SimPgnFlag "SimPgnFlag" true true false 2 Short 0 0,First,#,LSIB_Simplify,SimPgnFlag,-1,-1;MaxSimpTol "MaxSimpTol" true true false 8 Double 0 0,First,#,LSIB_Simplify,MaxSimpTol,-1,-1;MinSimpTol "MinSimpTol" true true false 8 Double 0 0,First,#,LSIB_Simplify,MinSimpTol,-1,-1" #</Process></lineage></DataProperties><SyncDate>20221112</SyncDate><SyncTime>18272000</SyncTime><ModDate>20221112</ModDate><ModTime>18272000</ModTime><scaleRange><minScale>150000000</minScale><maxScale>5000</maxScale></scaleRange><ArcGISProfile>ItemDescription</ArcGISProfile></Esri><dataIdInfo><envirDesc Sync="TRUE">Microsoft Windows 10 Version 10.0 (Build 22000) ; Esri ArcGIS 12.9.0.32739</envirDesc><dataLang><languageCode value="eng" Sync="TRUE"/><countryCode value="USA" Sync="TRUE"/></dataLang><idCitation><resTitle Sync="FALSE">Global_LSIB_Polygons_Detailed</resTitle><presForm><PresFormCd value="005" Sync="TRUE"/></presForm></idCitation><spatRpType><SpatRepTypCd value="001" Sync="TRUE"/></spatRpType><dataExt><geoEle xmlns=""><GeoBndBox esriExtentType="search"><exTypeCode Sync="TRUE">1</exTypeCode><westBL Sync="TRUE">-180.000000</westBL><eastBL Sync="TRUE">180.000000</eastBL><northBL Sync="TRUE">83.633392</northBL><southBL Sync="TRUE">-90.000000</southBL></GeoBndBox></geoEle></dataExt><idPurp>This metadata was last updated on December 14, 2017. The LSIB Polygons were last updated on December 14, 2017 with linework from DOS.

There are no restrictions or distribution limitations on this unclassified data set which was originally sourced from unrestricted coastline data sets from NGA and from the unrestricted worldwide Large Scale International Boundary (LSIB) dataset from the United States Department of State.

Large Scale International Boundaries (LSIB)  All files below are posted atdata.gov(search on “LSIB”) &amp; geonode.state.gov
The LSIB are believed to be the most accurate unclassified global international land boundary vector lineor polygon files available.  The linework reflect U.S. government (USG) policy and thus not necessarily de facto control.  These lines, or generalized (smoothed) versions, are the only lines approved for USG use.  There are no restrictions on use or distribution of this public domain data set.  It is widely used not just across the USG but also (in part) by private organizations such as Google.

All LSIB shapefiles are in WGS84 datum.</idPurp><idAbs>&lt;DIV STYLE="text-align:Left;"&gt;&lt;DIV&gt;&lt;DIV&gt;&lt;P&gt;&lt;SPAN STYLE="font-weight:bold;"&gt;The Protected Internet Exchange (PiX)&lt;/SPAN&gt;&lt;SPAN&gt;&lt;SPAN&gt;converted the LSIB Linework and island data provided by the State Department to polygons. The LSIB Admin 0 world polygons (Admin 0 polygons) were created by conflating the following datasets: Eurasia_Oceania_LSIB7a_gen_polygons, Africa_Americas_LSIB7a_gen_polygons, Africa_Americas_LSIB7a, Eurasia_LSIB7a, &lt;/SPAN&gt;&lt;/SPAN&gt;&lt;SPAN&gt;&lt;SPAN&gt;Islands_to_add_to_LSIB7b_polyg.zip (Islands from CIA Cartography Center).&lt;/SPAN&gt;&lt;/SPAN&gt;&lt;/P&gt;&lt;P&gt;&lt;SPAN&gt;&lt;SPAN&gt;The two simplified polygon shapefiles were merged, dissolved, and converted to lines to create a single global coastline dataset. The two detailed line shapefiles (Eurasia_LSIB7a and Africa_Americas_LSIB7a) were merged with each other and the coastlines to create an international boundary shapefile with coastlines. The dataset was reviewed for the following topological errors: must not self overlap, must not overlap, and must not have dangles. Once all topological errors were fixed, the lines were converted to polygons. Attribution was assigned by exploding the simplified polygons into multipart features, converting to centroids, and spatially joining with the newly created dataset. The polygons were then dissolved by country name.&lt;/SPAN&gt;&lt;/SPAN&gt;&lt;/P&gt;&lt;P&gt;&lt;SPAN&gt;&lt;SPAN&gt;Another Round of QC was performed on the dataset through the data reviewer tool to ensure that the conversion worked correctly. Additional errors identified during this process consisted of islands shifted from their true locations and not representing their true shape; these were adjusted using high resolution imagery whereupon a second round of QC was applied with SRTM digital elevation model data downloaded from USGS. The same procedure was performed for every individual island contained in the islands shapefile provided by DOS and from the CIA Cartography Center. &lt;/SPAN&gt;&lt;/SPAN&gt;&lt;/P&gt;&lt;P&gt;&lt;SPAN&gt;&lt;SPAN&gt;After the island dataset went through another round of QC, it was then merged with the Admin 0 polygon shapefile to form a comprehensive world dataset. The entire dataset was then evaluated for proper attribution for all of the islands by the Office of the Geographer.&lt;/SPAN&gt;&lt;/SPAN&gt;&lt;/P&gt;&lt;P&gt;&lt;SPAN&gt;&lt;SPAN&gt;PiX continues to work with the State Department Office of the Geographer to update these shapefiles as changes are made.&lt;/SPAN&gt;&lt;/SPAN&gt;&lt;/P&gt;&lt;P&gt;&lt;SPAN&gt;&lt;SPAN&gt;The LSIB boundaries&lt;/SPAN&gt;&lt;/SPAN&gt;&lt;SPAN /&gt;&lt;SPAN /&gt;&lt;SPAN&gt;&lt;SPAN&gt;are generally accurate to within a couple hundred meters or better; shorelines in some areas will be less accurate.&lt;/SPAN&gt;&lt;/SPAN&gt;&lt;/P&gt;&lt;P&gt;&lt;SPAN&gt;&lt;SPAN&gt;The boundary research and “recovery” of the delineation of the lines has been done over past decades by geographers at the Office of the Geographer (GGI) at the US Department of State (DoS) and at the National Geospatial-Intelligence Agency (NGA), with colleagues from CIA and the UK. They are based on modern imagery, elevation data, relevant maps, treaties, international arbitration and court rulings, data from national mapping agencies and boundary commissions, and other sources. Most DoS boundary-by-boundary studies from the 1960’s and ‘70’s are posted at &lt;/SPAN&gt;&lt;/SPAN&gt;&lt;A href="http://www.law.fsu.edu/library/collection/LimitsinSeas/"&gt;&lt;SPAN&gt;http://fall.fsulawrc.com/collection/LimitsinSeas/index.html&lt;/SPAN&gt;&lt;/A&gt;&lt;SPAN&gt;&lt;SPAN&gt;.&lt;/SPAN&gt;&lt;/SPAN&gt;&lt;/P&gt;&lt;P /&gt;&lt;P&gt;&lt;SPAN STYLE="font-weight:bold;"&gt;&lt;SPAN&gt;Lines:&lt;/SPAN&gt;&lt;/SPAN&gt;&lt;/P&gt;&lt;P&gt;&lt;SPAN&gt;&lt;SPAN&gt;The &lt;/SPAN&gt;&lt;/SPAN&gt;&lt;SPAN STYLE="font-style:italic;"&gt;&lt;SPAN&gt;LSIB detailed&lt;/SPAN&gt;&lt;/SPAN&gt;&lt;SPAN /&gt;&lt;SPAN /&gt;&lt;SPAN STYLE="font-style:italic;font-weight:bold;"&gt;&lt;SPAN&gt;line &lt;/SPAN&gt;&lt;/SPAN&gt;&lt;SPAN&gt;&lt;SPAN&gt;file is regularly updated, most recently as LSIB8 in Aug. 2017, with two files (17 and 21 mb compressed, 45 and 58 mb non-compressed) for the world. &lt;/SPAN&gt;&lt;/SPAN&gt;&lt;SPAN STYLE="font-weight:bold;"&gt;&lt;SPAN&gt;*&lt;/SPAN&gt;&lt;/SPAN&gt;&lt;SPAN&gt;&lt;SPAN&gt;Less attention has been given to lines for western Europe due to their availability in other accurate sources. In addition, &lt;/SPAN&gt;&lt;/SPAN&gt;&lt;SPAN STYLE="font-style:italic;"&gt;&lt;SPAN&gt;LSIB Simplified&lt;/SPAN&gt;&lt;/SPAN&gt;&lt;SPAN&gt;&lt;SPAN&gt;(a generalized &lt;/SPAN&gt;&lt;/SPAN&gt;&lt;SPAN STYLE="font-style:italic;font-weight:bold;"&gt;&lt;SPAN&gt;line&lt;/SPAN&gt;&lt;/SPAN&gt;&lt;SPAN&gt;&lt;SPAN&gt;file rarely shifted by more than 100 meters and just 5 mb compressed) is available; most recently updated March 2017. &lt;/SPAN&gt;&lt;/SPAN&gt;&lt;/P&gt;&lt;P /&gt;&lt;P&gt;&lt;SPAN STYLE="font-weight:bold;"&gt;&lt;SPAN&gt;Polygons:&lt;/SPAN&gt;&lt;/SPAN&gt;&lt;/P&gt;&lt;P&gt;&lt;SPAN&gt;&lt;SPAN&gt;These worldwide &lt;/SPAN&gt;&lt;/SPAN&gt;&lt;SPAN STYLE="font-style:italic;"&gt;&lt;SPAN&gt;LSIB Simplified&lt;/SPAN&gt;&lt;/SPAN&gt;&lt;SPAN&gt;&lt;SPAN&gt;lines of course conveniently match the easy-to-use &lt;/SPAN&gt;&lt;/SPAN&gt;&lt;SPAN STYLE="font-style:italic;"&gt;&lt;SPAN&gt;LSIB Simplified&lt;/SPAN&gt;&lt;/SPAN&gt;&lt;SPAN /&gt;&lt;SPAN /&gt;&lt;SPAN STYLE="font-style:italic;font-weight:bold;"&gt;&lt;SPAN&gt;polygons&lt;/SPAN&gt;&lt;/SPAN&gt;&lt;SPAN&gt;&lt;SPAN&gt;(two 16 mb compressed shapefiles, each covering half the world, but excluding medium and smaller islands.) &lt;/SPAN&gt;&lt;/SPAN&gt;&lt;/P&gt;&lt;P&gt;&lt;SPAN&gt;&lt;SPAN&gt;The more &lt;/SPAN&gt;&lt;/SPAN&gt;&lt;SPAN STYLE="font-style:italic;font-weight:bold;"&gt;&lt;SPAN&gt;detailed&lt;/SPAN&gt;&lt;/SPAN&gt;&lt;SPAN&gt;&lt;SPAN&gt;LSIB worldwide &lt;/SPAN&gt;&lt;/SPAN&gt;&lt;SPAN STYLE="font-style:italic;font-weight:bold;"&gt;&lt;SPAN&gt;polygon&lt;/SPAN&gt;&lt;/SPAN&gt;&lt;SPAN&gt;&lt;SPAN&gt;file, 156mb (100 mb compressed) merges the most detailed LSIB international boundary lines with the best available vector shoreline to form country polygons, with topological errors removed (which also increased island accuracy; medium and smaller islands are still excluded.) PIX received the data in May 2017, began conflating the data in June, and finished in August. The most recent updates were completed in October of 2017. This is the most comprehensive dataset available.&lt;/SPAN&gt;&lt;/SPAN&gt;&lt;/P&gt;&lt;P /&gt;&lt;P&gt;&lt;SPAN STYLE="font-style:italic;font-weight:bold;"&gt;&lt;SPAN&gt;Country-by-country&lt;/SPAN&gt;&lt;/SPAN&gt;&lt;/P&gt;&lt;P&gt;&lt;SPAN&gt;&lt;SPAN&gt;“DiB” (Digital Boundary) &lt;/SPAN&gt;&lt;/SPAN&gt;&lt;SPAN STYLE="font-style:italic;font-weight:bold;"&gt;&lt;SPAN&gt;lines&lt;/SPAN&gt;&lt;/SPAN&gt;&lt;SPAN&gt;&lt;SPAN&gt;exist for all 325 international land boundaries and generally contain much additional attribute information such as what feature a boundary follows. Otherwise, they are identical to the LSIB lines, and can be available on request to the public (“Contact” below.) For USG users, they and the above data sets can be downloaded from the NGA boundary pages (the “DiB”-Digital Boundaries.) Also see&lt;/SPAN&gt;&lt;/SPAN&gt;&lt;SPAN /&gt;&lt;SPAN /&gt;&lt;A href="http://base.state.sbu"&gt;&lt;SPAN&gt;&lt;SPAN&gt;http://BASE.state.sbu&lt;/SPAN&gt;&lt;/SPAN&gt;&lt;/A&gt;&lt;SPAN&gt;&lt;SPAN&gt;where USG officials will find a great amount of research, analysis, old treaties, &amp;amp; maps for most international &amp;amp; maritime boundaries.&lt;/SPAN&gt;&lt;/SPAN&gt;&lt;/P&gt;&lt;P /&gt;&lt;P&gt;&lt;SPAN STYLE="font-weight:bold;"&gt;&lt;SPAN&gt;Coastlines - Islands:&lt;/SPAN&gt;&lt;/SPAN&gt;&lt;/P&gt;&lt;P&gt;&lt;SPAN&gt;&lt;SPAN&gt;The coastline and island data are a combination of Old NGA World Vector Shoreline except for Africa, Arabian Pen., Iran, southern half of Europe, Caspian, and Turkey-Levant-Cyprus. Some islands were added when reviewing Esri base imagery during the data conflation and QC process.&lt;/SPAN&gt;&lt;/SPAN&gt;&lt;/P&gt;&lt;P /&gt;&lt;P&gt;&lt;SPAN STYLE="font-weight:bold;"&gt;&lt;SPAN&gt;The LSIB line shapefile has the following attributes:&lt;/SPAN&gt;&lt;/SPAN&gt;&lt;/P&gt;&lt;P&gt;&lt;SPAN STYLE="font-weight:bold;"&gt;&lt;SPAN&gt;Country codes:&lt;/SPAN&gt;&lt;/SPAN&gt;&lt;SPAN&gt;&lt;SPAN&gt;the old FIPS 10-4 codes (now GEC; see CIA World Factbook appendix.) The &lt;/SPAN&gt;&lt;/SPAN&gt;&lt;SPAN STYLE="font-style:italic;"&gt;&lt;SPAN&gt;simplified&lt;/SPAN&gt;&lt;/SPAN&gt;&lt;SPAN&gt;&lt;SPAN&gt;data also includes ISO codes (2 &amp;amp; 3 digit.) A “UU” code indicates that one side of the line receives a neutral (disputed) color or shading. &lt;/SPAN&gt;&lt;/SPAN&gt;&lt;/P&gt;&lt;P&gt;&lt;SPAN /&gt;&lt;SPAN /&gt;&lt;/P&gt;&lt;P&gt;&lt;SPAN /&gt;&lt;SPAN /&gt;&lt;SPAN STYLE="font-weight:bold;"&gt;&lt;SPAN&gt;Country names: &lt;/SPAN&gt;&lt;/SPAN&gt;&lt;SPAN&gt;&lt;SPAN&gt;US Board on Geographic Names approved country and dependency names for USG use&lt;/SPAN&gt;&lt;/SPAN&gt;&lt;/P&gt;&lt;P /&gt;&lt;P&gt;&lt;SPAN STYLE="font-weight:bold;"&gt;&lt;SPAN&gt;“Label”: &lt;/SPAN&gt;&lt;/SPAN&gt;&lt;SPAN&gt;&lt;SPAN&gt;such as “1949 Armistice Line” or “DMZ”, when required for USG use when scale permits&lt;/SPAN&gt;&lt;/SPAN&gt;&lt;/P&gt;&lt;P&gt;&lt;SPAN /&gt;&lt;SPAN /&gt;&lt;/P&gt;&lt;P&gt;&lt;SPAN STYLE="font-weight:bold;"&gt;&lt;SPAN&gt;“Status”: &lt;/SPAN&gt;&lt;/SPAN&gt;&lt;SPAN&gt;&lt;SPAN&gt;in three categories as recognized by the USG. Most lines by far are Rank 1:&lt;/SPAN&gt;&lt;/SPAN&gt;&lt;SPAN /&gt;&lt;SPAN /&gt;&lt;/P&gt;&lt;UL STYLE="margin:0 0 0 0;padding:0 0 0 0;"&gt;&lt;LI&gt;&lt;P STYLE="font-weight:bold;margin:0 0 0 0;"&gt;&lt;SPAN&gt;&lt;SPAN&gt;Rank 1: International boundary &lt;/SPAN&gt;&lt;/SPAN&gt;&lt;/P&gt;&lt;/LI&gt;&lt;LI&gt;&lt;P STYLE="margin:0 0 0 0;"&gt;&lt;SPAN STYLE="font-weight:bold;"&gt;&lt;SPAN&gt;Rank 2: Other line of international separation. &lt;/SPAN&gt;&lt;/SPAN&gt;&lt;SPAN&gt;&lt;SPAN&gt;Most are considered by the USG to be&lt;/SPAN&gt;&lt;/SPAN&gt;&lt;SPAN STYLE="font-weight:bold;"&gt;&lt;SPAN&gt;in dispute.&lt;/SPAN&gt;&lt;/SPAN&gt;&lt;/P&gt;&lt;/LI&gt;&lt;LI&gt;&lt;P STYLE="margin:0 0 0 0;"&gt;&lt;SPAN STYLE="font-weight:bold;"&gt;&lt;SPAN&gt;Rank 3: Special line:&lt;/SPAN&gt;&lt;/SPAN&gt;&lt;SPAN&gt;&lt;SPAN&gt;Abyei (Sudan-S. Sudan), Cuba’s Guantanamo, Korea’s DMZ, No-Mans Land (Israel vicinity), &amp;amp; Golan Hts. region DMZ’s, UNDOF lines…all not international boundaries; included only for use on specialized products. &lt;/SPAN&gt;&lt;/SPAN&gt;&lt;/P&gt;&lt;/LI&gt;&lt;/UL&gt;&lt;P /&gt;&lt;P&gt;&lt;SPAN&gt;&lt;SPAN&gt;___&lt;/SPAN&gt;&lt;/SPAN&gt;&lt;SPAN STYLE="font-weight:bold;"&gt;&lt;SPAN&gt;Any line with a rank of “2” or “3” is, for USG use, to be dotted or dashed differently and in a manner visually subordinate to the normal rank “1” lines&lt;/SPAN&gt;&lt;/SPAN&gt;&lt;SPAN&gt;&lt;SPAN&gt;. In older LSIB data, the current Rank 2 was 3, the current Rank 3 was 7.&lt;/SPAN&gt;&lt;/SPAN&gt;&lt;/P&gt;&lt;P /&gt;&lt;P&gt;&lt;SPAN&gt;&lt;SPAN&gt;Note: Argentina’s boundaries with Paraguay and Uruguay and the China-North Korea boundary all have in places a boundary line in river channels that differs from the allocation of sovereignty to islands, resulting in numerous islands of one sovereignty surrounded by river water of the other state’s sovereignty. The LSIB and DIB lines in these cases reflect island sovereignty only.&lt;/SPAN&gt;&lt;/SPAN&gt;&lt;/P&gt;&lt;P /&gt;&lt;P&gt;&lt;SPAN&gt;&lt;SPAN&gt;Attribution is welcome: “&lt;/SPAN&gt;&lt;/SPAN&gt;&lt;SPAN STYLE="font-style:italic;"&gt;&lt;SPAN&gt;US Dept. of State Office of the Geographer&lt;/SPAN&gt;&lt;/SPAN&gt;&lt;SPAN&gt;&lt;SPAN&gt;.” If a non-USG user &amp;amp; thus eligible to alter the boundary depictions, please add “Some lines have been modified from the original data set.” &lt;/SPAN&gt;&lt;/SPAN&gt;&lt;/P&gt;&lt;P&gt;&lt;SPAN&gt;Contact: Dave Linthicum (LinthicumDH@state.gov) &lt;/SPAN&gt;&lt;/P&gt;&lt;/DIV&gt;&lt;/DIV&gt;&lt;/DIV&gt;</idAbs><searchKeys><keyword>DoS</keyword><keyword>PiX</keyword><keyword>LSIB</keyword><keyword>Admn0</keyword></searchKeys><idCredit>US Dept. of State Office of the Geographer, The Protected Internet Exchange (PiX), NGA, CIA</idCredit></dataIdInfo><mdLang><languageCode value="eng" Sync="TRUE"/><countryCode value="USA" Sync="TRUE"/></mdLang><distInfo><distFormat><formatName Sync="TRUE">Shapefile</formatName></distFormat><distTranOps><transSize Sync="TRUE">0.000</transSize></distTranOps></distInfo><mdHrLv><ScopeCd value="005" Sync="TRUE"/></mdHrLv><mdHrLvName Sync="TRUE">dataset</mdHrLvName><refSysInfo><RefSystem><refSysID><identCode code="4326" Sync="TRUE"/><idCodeSpace Sync="TRUE">EPSG</idCodeSpace><idVersion Sync="TRUE">6.2(3.0.1)</idVersion></refSysID></RefSystem></refSysInfo><spatRepInfo><VectSpatRep><geometObjs Name="LSIB_Simplify"><geoObjTyp><GeoObjTypCd value="002" Sync="TRUE"></GeoObjTypCd></geoObjTyp><geoObjCnt Sync="TRUE">0</geoObjCnt></geometObjs><topLvl><TopoLevCd value="001" Sync="TRUE"></TopoLevCd></topLvl></VectSpatRep></spatRepInfo><spdoinfo><ptvctinf><esriterm Name="LSIB_Simplify"><efeatyp Sync="TRUE">Simple</efeatyp><efeageom code="4" Sync="TRUE"></efeageom><esritopo Sync="TRUE">FALSE</esritopo><efeacnt Sync="TRUE">0</efeacnt><spindex Sync="TRUE">FALSE</spindex><linrefer Sync="TRUE">FALSE</linrefer></esriterm></ptvctinf></spdoinfo><eainfo><detailed Name="LSIB_Simplify"><enttyp><enttypl Sync="TRUE">LSIB_Simplify</enttypl><enttypt Sync="TRUE">Feature Class</enttypt><enttypc Sync="TRUE">0</enttypc></enttyp><attr><attrlabl Sync="TRUE">FID</attrlabl><attalias Sync="TRUE">FID</attalias><attrtype Sync="TRUE">OID</attrtype><attwidth Sync="TRUE">4</attwidth><atprecis Sync="TRUE">0</atprecis><attscale Sync="TRUE">0</attscale><attrdef Sync="TRUE">Internal feature number.</attrdef><attrdefs Sync="TRUE">Esri</attrdefs><attrdomv><udom Sync="TRUE">Sequential unique whole numbers that are automatically generated.</udom></attrdomv></attr><attr><attrlabl Sync="TRUE">OBJECTID</attrlabl><attalias Sync="TRUE">OBJECTID</attalias><attrtype Sync="TRUE">Integer</attrtype><attwidth Sync="TRUE">10</attwidth><atprecis Sync="TRUE">10</atprecis><attscale Sync="TRUE">0</attscale><attrdef Sync="TRUE">Internal feature number.</attrdef><attrdefs Sync="TRUE">Esri</attrdefs><attrdomv><udom Sync="TRUE">Sequential unique whole numbers that are automatically generated.</udom></attrdomv></attr><attr><attrlabl Sync="TRUE">Shape</attrlabl><attalias Sync="TRUE">Shape</attalias><attrtype Sync="TRUE">Geometry</attrtype><attwidth Sync="TRUE">0</attwidth><atprecis Sync="TRUE">0</atprecis><attscale Sync="TRUE">0</attscale><attrdef Sync="TRUE">Feature geometry.</attrdef><attrdefs Sync="TRUE">Esri</attrdefs><attrdomv><udom Sync="TRUE">Coordinates defining the features.</udom></attrdomv></attr><attr><attrlabl Sync="TRUE">COUNTRY_NA</attrlabl><attalias Sync="TRUE">COUNTRY_NA</attalias><attrtype Sync="TRUE">String</attrtype><attwidth Sync="TRUE">254</attwidth><atprecis Sync="TRUE">0</atprecis><attscale Sync="TRUE">0</attscale></attr><attr><attrlabl Sync="TRUE">Shape_Leng</attrlabl><attalias Sync="TRUE">Shape_Leng</attalias><attrtype Sync="TRUE">Double</attrtype><attwidth Sync="TRUE">19</attwidth><atprecis Sync="TRUE">0</atprecis><attscale Sync="TRUE">0</attscale></attr><attr><attrlabl Sync="TRUE">Shape_Le_1</attrlabl><attalias Sync="TRUE">Shape_Le_1</attalias><attrtype Sync="TRUE">Double</attrtype><attwidth Sync="TRUE">19</attwidth><atprecis Sync="TRUE">0</atprecis><attscale Sync="TRUE">0</attscale></attr><attr><attrlabl Sync="TRUE">ISO3</attrlabl><attalias Sync="TRUE">ISO3</attalias><attrtype Sync="TRUE">String</attrtype><attwidth Sync="TRUE">254</attwidth><atprecis Sync="TRUE">0</atprecis><attscale Sync="TRUE">0</attscale></attr><attr><attrlabl Sync="TRUE">ISO_3_Sovr</attrlabl><attalias Sync="TRUE">ISO_3_Sovr</attalias><attrtype Sync="TRUE">String</attrtype><attwidth Sync="TRUE">254</attwidth><atprecis Sync="TRUE">0</atprecis><attscale Sync="TRUE">0</attscale></attr><attr><attrlabl Sync="TRUE">Shape_Le_2</attrlabl><attalias Sync="TRUE">Shape_Le_2</attalias><attrtype Sync="TRUE">Double</attrtype><attwidth Sync="TRUE">19</attwidth><atprecis Sync="TRUE">0</atprecis><attscale Sync="TRUE">0</attscale></attr><attr><attrlabl Sync="TRUE">Shape_Area</attrlabl><attalias Sync="TRUE">Shape_Area</attalias><attrtype Sync="TRUE">Double</attrtype><attwidth Sync="TRUE">19</attwidth><atprecis Sync="TRUE">0</atprecis><attscale Sync="TRUE">0</attscale><attrdef Sync="TRUE">Area of feature in internal units squared.</attrdef><attrdefs Sync="TRUE">Esri</attrdefs><attrdomv><udom Sync="TRUE">Positive real numbers that are automatically generated.</udom></attrdomv></attr><attr><attrlabl Sync="TRUE">InPoly_FID</attrlabl><attalias Sync="TRUE">InPoly_FID</attalias><attrtype Sync="TRUE">Integer</attrtype><attwidth Sync="TRUE">10</attwidth><atprecis Sync="TRUE">10</atprecis><attscale Sync="TRUE">0</attscale></attr><attr><attrlabl Sync="TRUE">SimPgnFlag</attrlabl><attalias Sync="TRUE">SimPgnFlag</attalias><attrtype Sync="TRUE">Integer</attrtype><attwidth Sync="TRUE">5</attwidth><atprecis Sync="TRUE">5</atprecis><attscale Sync="TRUE">0</attscale></attr><attr><attrlabl Sync="TRUE">MaxSimpTol</attrlabl><attalias Sync="TRUE">MaxSimpTol</attalias><attrtype Sync="TRUE">Double</attrtype><attwidth Sync="TRUE">19</attwidth><atprecis Sync="TRUE">0</atprecis><attscale Sync="TRUE">0</attscale></attr><attr><attrlabl Sync="TRUE">MinSimpTol</attrlabl><attalias Sync="TRUE">MinSimpTol</attalias><attrtype Sync="TRUE">Double</attrtype><attwidth Sync="TRUE">19</attwidth><atprecis Sync="TRUE">0</atprecis><attscale Sync="TRUE">0</attscale></attr></detailed></eainfo><mdDateSt Sync="TRUE">20221112</mdDateSt></metadata>
